x,y,f1_106,f2_181,f3_280,f4_370,f5_493,f6_679,f7_725,f8_836,f9_979,f10_1191,f11_1369
-0.178,0.200672,-0.000562753055607848-5.88313696132703e-05i,-0.000896155226697344-0.000199203279115351i,-0.00159876897985879+5.73933814403217e-05i,-0.0019794251184029+0.0011459914954719i,-0.00128129801212381+0.00258041962147084i,0.000918510560891232+0.00365288739834756i,0.00386056051908601+0.00276639763080175i,0.00539324189766305+0.000109405146820472i,0.00483916307209191-0.00261878824100931i,0.00299714374423474-0.0042115280884814i,0.00103177081708963-0.00453543573916012i
-0.178,0.141814857142857,-0.0019684694746128+0.000518012071849751i,-0.00244833328354176-0.00131291476577552i,-0.00526457338941604-0.00268253927311524i,-0.00930126355806232-0.000531720894614762i,-0.0108827267376242+0.00543170403396926i,-0.00695906170131512+0.0137956931182891i,0.00342639405398426+0.0176564343126978i,0.0130563750099669+0.0130639973856821i,0.0163377886391245+0.004262067124877i,0.0137225682951865-0.0031694067620175i,0.00891365966083285-0.00687440453636481i
-0.178,0.0829577142857143,-0.00309814553799917-0.000182458106913561i,-0.00471440933260161-0.0027353489633273i,-0.00956041244881915-0.0037220379201026i,-0.0149820069264104+0.000596996541542793i,-0.0162909040079331+0.00958944299199929i,-0.0096347936197734+0.0217547943330981i,0.00608669654515562+0.0271960340932559i,0.0204840606266116+0.0204236664654544i,0.0258319295003215+0.00733942822248209i,0.022425752891133-0.00437803744879758i,0.0151161060352542-0.0107633617597553i
-0.178,0.0241005714285714,-0.00525123561554783+0.000267818899967077i,-0.00582164837471125+0.00162976989346975i,-0.00540583883337204+0.00343716764411385i,-0.00418878590924296+0.00496957708170851i,-0.00251169480433739+0.00600244617979672i,0.000349470930096576+0.00761286918292699i,0.00414922440728571+0.0077880637685326i,0.00752176251804859+0.00599441322442377i,0.00951226303738734+0.0028801007846477i,0.0098461253482915-0.000791007683116715i,0.00851109034921839-0.00432202717894878i
-0.178,-0.0347565714285714,-0.0030203523868764+4.03922005231706e-05i,-0.00340913964109046+0.000816235073514094i,-0.00321814345785081+0.00188677926801642i,-0.00253445889573408+0.00281960605840371i,-0.00155512859099926+0.00346924914756363i,0.000121465594683028+0.0044824783627853i,0.00241665920471073+0.00466581511730681i,0.00452512101192422+0.00365566625189768i,0.00584651090993229+0.00180274656979404i,0.00618592128428211-0.000448402225652605i,0.0055107187782544-0.00268435281145101i
-0.178,-0.0936137142857143,-0.0047094657025476+0.000537782589759271i,-0.00646807019897695-0.00348393259020279i,-0.0135229968331888-0.00575406943041703i,-0.0224449875873796+0.000389723377907019i,-0.0249907742328247+0.014744859785866i,-0.0144780750048392+0.0341483155745026i,0.010701127000426+0.0424411819615965i,0.0334930861192977+0.0309389119525344i,0.0412418328483027+0.0096719286874428i,0.0349953129875161-0.00854420538052161i,0.023168814960638-0.017948988749106i
-0.178,-0.152470857142857,0.00179831795092929+0.00101360849675673i,0.00242353084203272+0.000692494565246885i,0.00277946755143095-6.26815567814725e-05i,0.00277551358813999-0.00091241715609684i,0.00249488051400638-0.00169188497339498i,0.00202630800147791-0.00297401932052586i,0.000896875662265352-0.00399472236557145i,-0.00050391521993623-0.00424017844762146i,-0.00168531992507186-0.00378421216856175i,-0.00241739020511151-0.00290649712839899i,-0.00262104213614379-0.00190730810286037i
-0.178,-0.211328,1.62164179970314e-05+0.00128749340495053i,0.000766184389429876-0.00149104872676321i,-0.001261702675498-0.00541383710349219i,-0.00721337867043714-0.00651020728112353i,-0.0133441864248371-0.001664599812898i,-0.0150911343578616+0.00941756999409582i,-0.00691014640477253+0.020033365620809i,0.00601531476932545+0.0211288928037324i,0.0146876040758818+0.0136543753798983i,0.0159807517943724+0.00417912183585036i,0.012659753270601-0.00232673428563628i
-0.126,0.200672,-0.00049991464804293-0.000261831002891702i,-0.00115432748344688-0.000225765726157356i,-0.00207372808495518+0.000680008585103695i,-0.00217897125455939+0.00256744473057793i,-0.0007413478400871+0.00445278270452153i,0.00242569033117419+0.00528973530105166i,0.00565201865380436+0.00333796554944592i,0.00662559496562298-0.000328496106831912i,0.00514780485945446-0.00352611117696756i,0.0024461529695383-0.00504503641005985i,-0.000196771252247635-0.00495021887356269i
-0.126,0.141814857142857,-0.00233435349952099+0.000440538569532754i,-0.00380199431410485-0.00176431554262548i,-0.0083102680454208-0.0020609240579253i,-0.0129557864736985+0.00251923963802241i,-0.0131535402926458+0.0107656067462998i,-0.00599836850139126+0.019738110695561i,0.00686365758066527+0.0208193864780451i,0.0163144514675851+0.0127118222351809i,0.017680228844311+0.0018673988249051i,0.01299001977228-0.00568285091290276i,0.00679806498598335-0.00836687574877101i
-0.126,0.0829577142857143,-0.0136841868783674+0.00281383600935868i,-0.0142996221214342+0.00646581918389878i,-0.0128824801442371+0.0102928134535019i,-0.010073560144207+0.0132098643166551i,-0.00648889990393736+0.0149436579802125i,-0.000346457091434185+0.0176895631478143i,0.00707005268260402+0.0169135815269098i,0.0130245606594821+0.012493444557881i,0.0160448244134178+0.00608367491494424i,0.0158370836427667-0.000666727568552859i,0.0126998824421379-0.00623518784688495i
-0.126,0.0241005714285714,-0.00201240139586379-0.00124149485183295i,-0.00432956681347834-0.00190403855092088i,-0.00798609861294328-1.3696964556434e-05i,-0.0101408540107775+0.00514244313758591i,-0.00856625899972531+0.0116914046660846i,-0.0012716410257281+0.0180250359706966i,0.00976611004858614+0.0174945909448504i,0.0175027693592701+0.00977286363801641i,0.0187019891962309-0.000246695169366541i,0.0144799626594002-0.00806580728479103i,0.00807349983973103-0.0117512924845373i
-0.126,-0.0347565714285714,-0.000799554693814005-0.000742305105400615i,-0.00222511159208292-0.00126000534689617i,-0.00456103605891456-0.000232483853509323i,-0.00608015284333869+0.00286412889874076i,-0.00535264877836485+0.00695323434408159i,-0.0010758433850888+0.0111337129124165i,0.00579759628866412+0.0112126504392338i,0.0109458606991553+0.00668902382632675i,0.012157890449353+0.000413552426741222i,0.0098759095017286-0.00480951902037318i,0.00594988965070206-0.00760580158411039i
-0.126,-0.0936137142857143,-0.0205091209491424+0.00424546487024556i,-0.02140314971186+0.00974560455206377i,-0.0192314410779993+0.0155117812025166i,-0.0149480200059357+0.0199060132197717i,-0.00948139362552697+0.0225045726803303i,-0.000117593986594631+0.0265620020601958i,0.0111491183513108+0.0252760187298378i,0.0201835721004943+0.0184727527595041i,0.0247512766770561+0.00864731532164149i,0.0243886453372878-0.00170139696986545i,0.019534140414897-0.0102524588907526i
-0.126,-0.152470857142857,0.00300171296303585+0.00127608675558399i,0.00379745394137628+0.000833955511074546i,0.00423380456213913+5.91549439706279e-07i,0.00426448715227535-0.000917750010335295i,0.00395974885114665-0.00177713696136344i,0.00341853956676577-0.00320723450307907i,0.0020265450777791-0.00429911781983657i,0.000236283537391924-0.00457373958587698i,-0.0014592866094455-0.00404628292289698i,-0.00275086855469333-0.00287784419350523i,-0.00338686976774898-0.00129273300287148i
-0.126,-0.211328,0.000250521604701307+0.0020846687024134i,0.000788721481035848-0.0019884213291334i,-0.0033325862353806-0.00657713361409999i,-0.0116693220535984-0.00618758492816321i,-0.0182036846334962+0.00175021481370792i,-0.0172457951225602+0.0154883553178028i,-0.0049517557853373+0.0248031540914907i,0.00965644084680558+0.0221608208402551i,0.0171868751586708+0.0116760942209609i,0.0163192198546912+0.00142674116468327i,0.0114020633441974-0.00435505776534827i
-0.076,0.200672,-0.00104380278973369+0.00125797409007968i,-0.0006417755302875+0.00171293433581376i,5.99167920077972e-06+0.00194808292047914i,0.000708427039081676+0.00190580513236612i,0.00134879095606118+0.0016254376544287i,0.00241321177546118+0.00111794609310521i,0.00317353116784864+7.68245267426133e-05i,0.00330440626444156-0.00118034306390602i,0.00283646294927667-0.00226204319769569i,0.00198147672449482-0.00292619121118839i,0.00102167806837159-0.00306839410895303i
-0.076,0.141814857142857,-0.0031909174986809-0.000564265256884753i,-0.00480225764739966-0.00162259747955183i,-0.00789161775150176-0.000665273264896676i,-0.00990558298006668+0.00372292180572466i,-0.00808316728673576+0.00989609099683779i,-0.000579571913411176+0.0156640738718657i,0.0100729726603411+0.0148553797340517i,0.0167596127567134+0.00730540553265495i,0.0165392949802159-0.00166797522013924i,0.0116021440391939-0.00745664701766501i,0.00598800566205611-0.00900610589939903i
-0.076,0.0829577142857143,-0.00524715448220222-0.00172399046496394i,-0.00829626425659816-0.00250662260942629i,-0.0128005316477728+0.00014857530446894i,-0.014792692883137+0.00731558099447972i,-0.0111762404553052+0.0162297471073603i,0.000705245024009642+0.0242310750535551i,0.0169117694739509+0.022426480780397i,0.0271207506893021+0.0107822384564953i,0.0271565196570506-0.00321558416430808i,0.0197402683853921-0.0129890129302017i,0.0104811959741015-0.0163903725326123i
-0.076,0.0241005714285714,-0.00238564540325707-0.0011198204808422i,-0.00415262779664391-0.0011096782455939i,-0.00643266573396914+0.000976252694323485i,-0.00682812798682675+0.0053969424211452i,-0.0037749938044981+0.0102476008396334i,0.00405503277130178+0.0136618224251391i,0.0135987562139536+0.0106781098917974i,0.018681614627219+0.00210855805903137i,0.0172605743257279-0.00723777471417977i,0.0112675047736042-0.0135175568977013i,0.00412722900450509-0.0156095353449671i
-0.076,-0.0347565714285714,-0.000990425471544243-0.000685728950235172i,-0.00209384316173415-0.000666889610401904i,-0.00354774580883567+0.000638303864957857i,-0.00385425695045698+0.00342469255495864i,-0.00199373973380312+0.00652614154926973i,0.00290804549417629+0.00878781673379338i,0.00905528763299371+0.00704843366695617i,0.0125837813392286+0.00169053730767825i,0.0120985315278183-0.00435604744278362i,0.00867138937509435-0.00868471486486402i,0.00434823824004924-0.0105218135714419i
-0.076,-0.0936137142857143,-0.00772772843280967-0.00245806537505669i,-0.0122356124805126-0.00365485972340935i,-0.0190078013192774+0.000273498875338898i,-0.0220434159886885+0.0110545178802232i,-0.0165296484552966+0.0244984849449504i,0.00151354709606623+0.0364005725021018i,0.0260280421919479+0.0333407679766762i,0.0413201160591205+0.0153911726687751i,0.0410576465562899-0.00600383192398539i,0.0294184928599517-0.0208428449208762i,0.0149043911748366-0.0259142430992306i
-0.076,-0.152470857142857,0.000254894552207103+2.35608423054783e-05i,0.000747048881355611+0.00112335421214466i,0.00220030336865988+0.00179482480188655i,0.00405893282791481+0.00109844807583915i,0.00520407739609576-0.0010424247288857i,0.00459600840517316-0.00458277007422885i,0.00143197866274745-0.00718154070875317i,-0.002363124469382-0.00700644857647871i,-0.00470572696771125-0.00465282396047195i,-0.00493538406571011-0.00173070856087085i,-0.00361357746504838+0.000453538848266901i
-0.076,-0.211328,-0.000212730694275735+0.00098952427242942i,-0.000341223505929639-0.0020584645179864i,-0.00379761161983115-0.00464648120376506i,-0.0094824243012423-0.00288272584914498i,-0.0126919287845894+0.00421492143682223i,-0.00927332379586277+0.0148396073665219i,0.00216707765778719+0.0205739113895645i,0.0137273941083832+0.01639305800547i,0.0183652139532884+0.00651975335327474i,0.0158779880772117-0.00220605728971293i,0.0105191796880606-0.0064729656669309i
-0.027,0.200672,-0.000720034327241015-0.00038711675404836i,-0.00132690053840665+4.14427307149232e-05i,-0.00184092642031994+0.00125947485851403i,-0.00131302117254173+0.00305460420294675i,0.000608395696888741+0.00438276806662064i,0.00385807037925165+0.0042644541180152i,0.00650965353124958+0.00158144952625845i,0.00663647525483425-0.00212541828524873i,0.00457845174765448-0.00471589661415i,0.00190691065495141-0.00537409370117502i,-7.32304740560527e-05-0.00467380383215272i
-0.027,0.141814857142857,-0.00364335728810938-0.000672717940010981i,-0.00573135686555401-0.00140056709269896i,-0.00945839204326346+0.000313816218831603i,-0.0117489072608128+0.00584841268359138i,-0.00949031109830644+0.0130945700131145i,-0.000772898167787546+0.0193807265091502i,0.0114289789974652+0.0176620218106861i,0.0189388926251965+0.00826393309181684i,0.0185540697815998-0.00241476265759442i,0.0128925790497983-0.00920789397447205i,0.00643003923089759-0.0111507940708008i
-0.027,0.0829577142857143,-0.00635155047867048-0.00197074968945524i,-0.00997262891318365-0.00227002645542464i,-0.0152972220803986+0.00146097717325901i,-0.0177105612282879+0.0102565700817271i,-0.0136277793906495+0.0207543500797524i,-0.000217602316067986+0.029650851088421i,0.018032600201492+0.0267740244957813i,0.0293658216017472+0.0127101033144106i,0.0292143133705381-0.00351603018089676i,0.02090874121772-0.0144761933656483i,0.0107788020694296-0.0181503471694175i
-0.027,0.0241005714285714,-0.00290005437953051-0.00134437579783823i,-0.00502934726514347-0.00098344457984371i,-0.00772231475990779+0.001868218135279i,-0.00812633941793512+0.00738269680540315i,-0.00442911106064753+0.0132023850219651i,0.00480602948723982+0.0170107745087586i,0.0159081080466392+0.0130125218530376i,0.0216563210756208+0.00250555054834122i,0.0198090813466496-0.00865640860906899i,0.0127408686629303-0.0160645409437322i,0.00434875597152738-0.0186332847902575i
-0.027,-0.0347565714285714,-0.00136607922119911-0.000819873979049018i,-0.00269126024928985-0.00062728074095594i,-0.00440773206552169+0.0011006689263827i,-0.00474833423169098+0.00452914908690334i,-0.00254067958895572+0.00823720641636304i,0.00316316985051829+0.010830261787463i,0.010218474796284+0.00864763654030021i,0.0141431702516715+0.00232984758287431i,0.0134481006648138-0.00458224254034467i,0.00951879488184241-0.00936488379830643i,0.00472241070626463-0.0113279186946613i
-0.027,-0.0936137142857143,-0.00944012918400669-0.00265143346011812i,-0.0147016249095005-0.00332902943497836i,-0.0227380705781969+0.00195694345925132i,-0.0265684134961683+0.0150698450019847i,-0.0204541549179478+0.0309281404446753i,-0.000207380530486766+0.0442129244889392i,0.0271842876304363+0.0395303812842509i,0.0437753684496318+0.0179694771631016i,0.0427238628344619-0.00647331115499639i,0.0294585429783213-0.0223912739378506i,0.0138838890192556-0.0269706209649759i
-0.027,-0.152470857142857,0.000841034934010649+7.35815539803775e-05i,0.00145100347652112+0.00122912105216568i,0.00310964645713175+0.00184721347654989i,0.00515632918270848+0.000983903605639225i,0.00638787899893071-0.00134758629273691i,0.00573628782164901-0.00502893977585084i,0.0024298218799303-0.00748635160218137i,-0.00134648426027852-0.00695837689629745i,-0.00337370610187389-0.00440021516642165i,-0.00317459655248973-0.00177168333449723i,-0.00176150125862126-0.00046292592918228i
-0.027,-0.211328,-0.000407125559506826+0.001295615557294i,-0.000940021954453524-0.00198636055109735i,-0.00533030442364019-0.00457369761241768i,-0.0120077603605783-0.00212040034197073i,-0.0154977147847602+0.00621699540337477i,-0.0112526696727776+0.0181016521958916i,0.00218210766267607+0.0238526549847073i,0.0155020237980857+0.0182267571470552i,0.020735040260079+0.00645382731832869i,0.0178687603333815-0.00369886889653273i,0.0117338461344424-0.00875663323014165i
0.023,0.200672,-0.0012266307356665+0.00198786947435573i,-0.00062652345488683+0.00240620466809763i,0.00010028372728867+0.00258082035853795i,0.000847181697231422+0.00249235719347816i,0.00151888056005443+0.00214489541897208i,0.00262256342644855+0.00148259028900987i,0.0032977238169987+0.00030711382561175i,0.0033511708805406-0.00107733270230695i,0.00278507722646543-0.00235384160147367i,0.00173442386493857-0.00326057474386768i,0.000446145664135678-0.00363525279382064i
0.023,0.141814857142857,-0.00574888745962445-0.00201822602015825i,-0.00917485202811361-0.00104884092365555i,-0.0122619611563749+0.00341829515026107i,-0.0120239276003163+0.0104381890839411i,-0.00709693803823837+0.0168630261853912i,0.00266385713466943+0.0198293870587416i,0.0122488921782906+0.0157253882734849i,0.0169785040035433+0.00715185663313117i,0.016067296707907-0.00141837523565671i,0.0117052387393381-0.00708992522476555i,0.00648073769645422-0.00950061512170724i
0.023,0.0829577142857143,-0.0105415995145312-0.00388816176815871i,-0.0155354180371409-0.00101190079567245i,-0.0191703702086493+0.00666737136979483i,-0.0177414515876692+0.0172798606546698i,-0.00991148692835081+0.0265851784208744i,0.00498224957759506+0.0306413993217776i,0.0194334773562712+0.0242866078899785i,0.0267690208034626+0.0112934422271525i,0.0257152734837831-0.0019499114690864i,0.0192437370378488-0.0110320660371447i,0.0112372766080349-0.0151504279543392i
0.023,0.0241005714285714,-0.00497320110880202-0.00229031417752539i,-0.00760512649697549+5.60528547678511e-06i,-0.00905584997261829+0.00484215827058801i,-0.00739062359218716+0.0109067773815355i,-0.00212056949444831+0.0157384162943888i,0.00699148116419135+0.0169338711076049i,0.0153099000995299+0.0118821800433592i,0.0190528817755043+0.00302062635024808i,0.0175433825019938-0.00590326815339895i,0.0124433731883793-0.0122868772684535i,0.00594819973890803-0.0155058453697249i
0.023,-0.0347565714285714,-0.00233928137757172-0.00139327017669087i,-0.00401237560779545-0.000148020226963401i,-0.0050617175581504+0.00269146440720509i,-0.00426031177217098+0.00638994214983524i,-0.00122191964928043+0.00946643054051279i,0.00429913081637064+0.0104663120399288i,0.00957051604508244+0.00762766395540961i,0.0121983499297373+0.00229527186872083i,0.0116335721541573-0.00327670569112683i,0.00880150465472921-0.00745134930261113i,0.00502829589369195-0.00979659485179743i
0.023,-0.0936137142857143,-0.015210199282419-0.00553959066785268i,-0.0227154884696025-0.00144802657651018i,-0.02830266764541+0.0100287763294738i,-0.0260952924687294+0.0260945388627893i,-0.0139461773665496+0.0400458344713593i,0.00875891289439512+0.0457154485151521i,0.0304382232075042+0.0354866575069214i,0.0409392406584971+0.0153990659331274i,0.0385731036871859-0.00463265289548752i,0.0281380714465846-0.0179701389532734i,0.0156325040738992-0.0235425618800294i
0.023,-0.152470857142857,0.00394398282749773-0.000285141440236141i,0.00420090671300356-0.00108312180465005i,0.00413093500448112-0.00197856758210502i,0.00375273549944541-0.00282194463326295i,0.00310768538368466-0.00349599219292315i,0.00196636783106307-0.00454846957348867i,0.000425509347698601-0.0049751050333042i,-0.00109413010970419-0.00468843540695569i,-0.00226695622977567-0.00384864836220201i,-0.00291127460963866-0.00273720104008337i,-0.00303434337537961-0.00170135536984278i
0.023,-0.211328,0.000622489488375216-0.000130851290649409i,-0.00277722253955784-0.00408601331186168i,-0.00950326354786345-0.0040808813464185i,-0.0153317095592261+0.00181955043092887i,-0.0156907733369858+0.0113121027921923i,-0.00822360793656463+0.020639563868079i,0.00397332975502228+0.0223732462056185i,0.0138020739192549+0.0161265840807775i,0.0173825667176866+0.00650611139957405i,0.0154663198911936-0.00178824737610162i,0.0108239527364467-0.00680298209311611i
0.074,0.200672,-0.00145831890831044+0.00194874043212199i,-0.000944623523977906+0.0025140885390022i,-0.000205060188754925+0.00286230958601003i,0.00063449427130285+0.00291926749440288i,0.00145279864818904+0.0026708828530067i,0.00281079568943427+0.00216136414588669i,0.00384097068353456+0.000978786778152278i,0.0042088410055532-0.000591726093911572i,0.00382696884862866-0.00215026366000598i,0.00281846275492588-0.00333749983365425i,0.0014708948729841-0.00390790376156119i
0.074,0.141814857142857,-0.00925045884855019+0.00389735467836861i,-0.00882155692323655+0.00611865393798419i,-0.00745690222411248+0.00818324076782254i,-0.00538105539747288+0.00966661519074678i,-0.00289656515193298+0.0103372745484981i,0.00134278198418189+0.0111784812225124i,0.00575419232281913+0.00984128238181116i,0.00904539329214498+0.00656229224777865i,0.010446266619499+0.00225604831290372i,0.00979828520653584-0.00200988153258318i,0.00748855249443028-0.00525322350476805i
0.074,0.0829577142857143,-0.0140280984494869+0.00651800706357706i,-0.013178388108734+0.0100202448495398i,-0.0108621117334938+0.0132236955246213i,-0.00744581409555695+0.0154757107181829i,-0.00341033205602056+0.0164210609565186i,0.00348925136307345+0.0175272389550349i,0.0105784844310127+0.0151314502186659i,0.0158119418590967+0.00962518372088411i,0.017958348856626+0.00244711527007039i,0.0167277466861061-0.00470932822822001i,0.0126900281356045-0.010251640964579i
0.074,0.0241005714285714,-0.00636825711048916+0.00437338340898379i,-0.00557929021370393+0.00640422561121267i,-0.00389676369382028+0.00812114747709603i,-0.00158308732137345+0.00913565911716474i,0.00102959406693408+0.00924226694383406i,0.00542962607873334+0.00902064862956699i,0.00961807987044673+0.00645051477366875i,0.0122550406007448+0.00191655539046908i,0.0125487952946061-0.00355121243808983i,0.010333684540053-0.00875594627152284i,0.00603996534758864-0.0125730275424895i
0.074,-0.0347565714285714,-0.00356065955233262+0.00270236491765741i,-0.00308744297100124+0.00400059458491815i,-0.00203076578669036+0.00512276344820709i,-0.000547736918035463+0.00581153685269986i,0.00115484174219762+0.00592409203144696i,0.00404202363123188+0.00585398990088676i,0.00686792539692283+0.00425796930578302i,0.00876240500626148+0.00133147823146285i,0.00918339917335196-0.00230517940249433i,0.00797655870296249-0.00590731616407442i,0.00536108060825096-0.00875558123999537i
0.074,-0.0936137142857143,-0.0209517659848235+0.00965847008164572i,-0.0196461861078372+0.0149367568296882i,-0.0161352152963104+0.0197529610578114i,-0.0109734822687142+0.0231171230305999i,-0.00489843762891416+0.0244908267356266i,0.00540931231730589+0.0259808736118395i,0.0158746365101214+0.0222057638921663i,0.0234258536930452+0.0138303352513976i,0.0262539145439213+0.00308870123990349i,0.0239995204166324-0.00742098988630173i,0.0176245015987636-0.0152951610927013i
0.074,-0.152470857142857,0.00325431859527103+0.000672781624457787i,0.00374434971613032+0.000143047453845044i,0.00397835879380373-0.000619489896567094i,0.00391656450683386-0.00145040333835552i,0.00357794663675444-0.0022227251444615i,0.00295995825298478-0.0034604513580734i,0.00180056682808486-0.00434126679233038i,0.000432100273870377-0.00461364878873632i,-0.000799382296414971-0.00429863314260978i,-0.00164869317514069-0.0035750826303752i,-0.00199792644295085-0.00272308567199478i
0.074,-0.211328,0.000705658229553718+0.000299161778516416i,-0.00171095305167178-0.00353309746983769i,-0.0075812487673476-0.00467784777987125i,-0.0138707648253871-0.000520330444940957i,-0.0160504600205352+0.00808060589749611i,-0.0109316179006789+0.0184670029801624i,0.000892354753558049+0.0228942185929401i,0.0125445326450307+0.0184895010945237i,0.0183446273004301+0.00873856649880599i,0.0175190688899889-0.000883764633216317i,0.0127763745396898-0.00709827166537542i
0.126,0.200672,-0.000592227116789562-0.000355681955589866i,-0.00114495229057317-0.000194407206509551i,-0.00179183634121716+0.000704310749064001i,-0.00167464046221532+0.00242917908652171i,-0.00016073989919267+0.00415255923755185i,0.00301073050756192+0.00495420178882616i,0.00637562701558311+0.00318272210724723i,0.00767403626481172-0.000519876078920301i,0.00634523534234061-0.00408557956177346i,0.00345894207992661-0.00604249410880893i,0.000468883822014998-0.00621035998587288i
0.126,0.141814857142857,-0.0027370472979982-0.000260816440145601i,-0.00454473787957063-0.0017264384917374i,-0.0085447696172264-0.0010668730753034i,-0.0122047946110359+0.00386845756419234i,-0.0117237094512412+0.0118719385535323i,-0.00442461168540258+0.0205432667121335i,0.00838579398692952+0.0220000103178729i,0.018615002114791+0.0140956487224109i,0.0209010603382684+0.00230048091749366i,0.0162425223644804-0.00699443045391041i,0.00902400188286829-0.0111324851063846i
0.126,0.0829577142857143,-0.00504695931961967-0.00187940893956837i,-0.00859566496245656-0.00303898397142578i,-0.0144479279064917-0.000391462766859391i,-0.0185725056803916+0.00798974915311455i,-0.016627826509219+0.019630903539657i,-0.00502725524288981+0.0317916333555504i,0.0139694479954513+0.0333426760329465i,0.0290813238738319+0.0215558931099978i,0.0330041399866846+0.00393625400995033i,0.026707516492664-0.0107269329100131i,0.0159541804177239-0.0181091021090589i
0.126,0.0241005714285714,-0.00632397547031648+0.00259800754131375i,-0.00624398833769529+0.00477323869139656i,-0.00499682063467196+0.00703881369800015i,-0.0028505186416898+0.00868917517216458i,-0.000228989992231794+0.00944108451194708i,0.00419810823402446+0.0103690579067724i,0.00904094467175782+0.00883274561986953i,0.0125762147016007+0.00476709996429601i,0.0136871426851921-0.000716505763077286i,0.0121079283872737-0.00630507651006278i,0.0081418119029036-0.0107790452956175i
0.126,-0.0347565714285714,-0.00349629515804589+0.00143163613287809i,-0.00349882223823658+0.00275038902404586i,-0.00278012319043407+0.00416345191298159i,-0.00148539152332456+0.00522644293886358i,0.000132086192447438+0.00574968798280175i,0.00287793072920742+0.00641703450336658i,0.00595846720844838+0.00557190394886922i,0.00830988363454732+0.00311293999693379i,0.00920913881727546-0.000322449461907292i,0.00844775198796524-0.00395024109193381i,0.00616318545881254-0.00702893041492576i
0.126,-0.0936137142857143,-0.00756761153424872-0.0025592863942015i,-0.0127426822066712-0.00429356356790083i,-0.0214738947065471-0.00035257211000879i,-0.0276318891614356+0.0123252248166761i,-0.0244207363134746+0.0299465240645469i,-0.00648517746200474+0.0479788653909731i,0.0223640090589607+0.0495534900237422i,0.0447571645066131+0.030930952764813i,0.0497760500793227+0.00396030070342484i,0.0393804297215667-0.0178759103463052i,0.0226880960876539-0.0283323881584456i
0.126,-0.152470857142857,0.00299632798215834+0.000596875830083343i,0.00368458338737445+1.11101648249457e-05i,0.0040725760293283-0.000936542936117182i,0.00405781703959449-0.00196741573531124i,0.00368899230998127-0.00290277772697225i,0.00302752978666288-0.0044099655470901i,0.00160067106907896-0.00547509803636009i,-0.000180719672586152-0.00567898826922274i,-0.00181690342167022-0.00507836612527829i,-0.00301423512681976-0.00394523722283382i,-0.00364442786667919-0.00261258072320873i
0.126,-0.211328,0.000714460733493069+0.00113453423019769i,4.96143925360786e-05-0.00268603133113214i,-0.00458684338133291-0.00579499805884531i,-0.0120823348441834-0.00404063642009858i,-0.017365431426731+0.00409449327774067i,-0.0156287697385332+0.0173410530892721i,-0.00346835998992434+0.0264827656876436i,0.0116320715739251+0.0241146669920543i,0.0203778110926514+0.0129781912386255i,0.0201481760505258+0.000836689829338422i,0.0144874855368918-0.00689291527267253i
0.176,0.200672,-0.000990279162337161-0.000390420801006862i,-0.0016627343046202-0.000171375229497399i,-0.00232148115193037+0.000861467174421362i,-0.00211227274912523+0.00260260744018534i,-0.000569964355486037+0.00418629797488378i,0.00241224401057266+0.00474436593502676i,0.0052966295336166+0.0030343066335188i,0.00632356765807371-6.71273842230712e-05i,0.00527594799002546-0.00285843084504801i,0.00311936244822403-0.00428987228512066i,0.000968308119154709-0.00433888804430843i
0.176,0.141814857142857,-0.0028799260581931-0.000120197591882592i,-0.00496608385373291-0.00211263797825665i,-0.00936871912995708-0.00158951257807789i,-0.0130959286064551+0.00331568342040795i,-0.0124570669797543+0.0109879244583582i,-0.005224163344928+0.0186729396475741i,0.00627065923714546+0.0194285667332551i,0.0148349717199342+0.0126779847035609i,0.0167877949498945+0.00346889882130104i,0.0136624539437834-0.0033653436401291i,0.00902684091621795-0.00645452758455393i
0.176,0.0829577142857143,-0.0142176112371486+0.00309624496799382i,-0.0144351007900585+0.006465883119188i,-0.0130020917915484+0.0099507345309284i,-0.0103133061731804+0.0127369088571507i,-0.00683102134445052+0.0144733411965416i,-0.000798521185690419+0.0170884891596621i,0.00625427395365773+0.0165624651287711i,0.0121291302581824+0.0128379531214514i,0.0154942309579105+0.0071585465136247i,0.0159498739740822+0.000969523679513809i,0.0137612490879914-0.00430486033104604i
0.176,0.0241005714285714,-0.00755910780587768+0.00199841098637339i,-0.00756720783295799+0.00393870105556482i,-0.0066164277023925+0.00590630938128933i,-0.00494949228956113+0.0074364883958298i,-0.00284316324246632+0.00833058950060717i,0.000806115872516871+0.00964168690278743i,0.00497091475521054+0.00907237121103261i,0.00835686654826903+0.00662374970706784i,0.0101888545411301+0.00304625802179739i,0.0102426888634576-0.00079189451494688i,0.00869747950893915-0.00403851281198078i
0.176,-0.0347565714285714,-0.0042261307579937+0.00100790656549467i,-0.00427404850261489+0.00214032873142044i,-0.00374872097577908+0.0033108058607732i,-0.00278797217817006+0.00423414162505638i,-0.00155591508928376+0.00478518296116559i,0.000576015243170506+0.00559299039384491i,0.00303709025600038+0.00529016219908095i,0.00504798966122478+0.00385721062374114i,0.00613147519892084+0.00173853641202621i,0.00614566743466935-0.000538126687219058i,0.00519982040333938-0.00244912307175386i
0.176,-0.0936137142857143,-0.00747220426531946-0.000749837519527922i,-0.0126991204335829-0.00458424958685722i,-0.0227576706367734-0.00224834302188164i,-0.0304866660519137+0.0100140955900317i,-0.0277108669664078+0.0279370667878757i,-0.0096010841123549+0.0450508626910254i,0.017714896550124+0.0454321721487121i,0.0374977886672578+0.028435272788252i,0.0415948482736619+0.00600159118513507i,0.0337255753407573-0.0108186568635705i,0.0220169875050527-0.0189409967811927i
0.176,-0.152470857142857,-1.42647838927029e-05+0.00019259568330553i,0.00085932678852829+0.00143332327592429i,0.00273221062933477+0.00189013974508073i,0.00480943974834112+0.000856007837004803i,0.00596349769007159-0.00152177514438835i,0.00513352859705921-0.0050025191175977i,0.00189511197121895-0.00709767302622172i,-0.00179800782892243-0.00648950145113656i,-0.00407051355045947-0.00391115972887902i,-0.00434360976035977-0.000894769946726122i,-0.00315814101505878+0.00140673891175505i
0.176,-0.211328,0.00122226400661377+0.00139686379867266i,0.000527282694948105-0.00335672040208456i,-0.00472552168886333-0.00700603999862784i,-0.0126282540649151-0.0052060596738935i,-0.0177385097487371+0.00301826531235768i,-0.0154381317175335+0.015558639014491i,-0.00394443624866634+0.0234065081242804i,0.00912212903134609+0.0212392823550436i,0.0163878882000541+0.0123754679987602i,0.016623761098506+0.00323489689215027i,0.0130851692782896-0.00255137719679027i
