x,y,f_{1} = 112.5,f_{2} = 170,f_{3} = 234,f_{4} = 286.5,f_{5} = 382,f_{6} = 502,f_{7} = 686,f_{8} = 737.5,f_{9} = 841,f_{10} = 994,f_{11} = 1206,f_{12} = 1382.5
-0.178,-0.211328,0.000347704937233433+0.000381005268106507i,0.000249056263028204+0.000491426138366435i,-2.96457926425935e-05+0.000708495149606787i,3.89704447688072e-05+0.00109346627865701i,-0.00277307057277608+0.00127130633486903i,-0.00281076081111836-0.00224335470622613i,-0.00662645272156526-0.000538165156934627i,-0.0110643173856574+0.000886388963274824i,-0.00419112644631344-0.000765368467576965i,-0.0171959396536165-0.00910521954295112i,-0.0106247358802635-0.0125392103669781i,-0.0164520764229698-0.0256899124718772i
-0.178,-0.152470857142857,0.000549700189855037+0i,0.000254108855574415+0.000588660660577191i,-0.000138464142841231+0.000840148574010112i,-5.96266771503055e-05+0.00123029991970129i,-0.00562839595842252-0.00354195290406163i,-0.00256431412705161-0.00316157660581462i,-0.00744149109579262-0.00468354316606345i,-0.0121041784213527-0.00378641050581268i,-0.00214672418625609-0.00385685880840063i,-0.00622110025089391-0.00792338695707084i,0.00592017433284558-0.0201571262917491i,0.00618258295952221-0.0328335844985931i
-0.178,-0.0936137142857143,0.000239462291076642+0.000696369074543525i,0.000146375255475265+0.000632472837588729i,-0.000193429480499812+0.000756755842394662i,1.72388224611015e-05+0.000865681781888541i,-0.0121973153353432-0.0122429632110786i,-0.00304705370971157-0.00143825324152233i,-0.00581892991404556-0.00434303800414081i,-0.0106137161551019-0.00410491903369867i,-0.00248701583625952-0.00375504866610423i,0.00836188515038938-0.00542506491097664i,0.0100396801538705-0.0194182292777711i,0.00878277103560069-0.022746631623668i
-0.178,-0.0347565714285714,0.000373022704741902+0.000500770818693686i,0.000198183875674575+0.000610761231796804i,-0.000179045607373379+0.000675969500552612i,-0.000480549417416819+0.000203902688127323i,-0.0171840094523499-0.0139726412720049i,-0.00358709737925379-0.0021973718245261i,-0.00351584601589167-0.00310751369292239i,-0.00338873421596189-0.00538503221267625i,-0.00116963862447738-0.00294927683625046i,0.000279683786320507-0.00740191140447275i,0.0147414120210419-0.0218636040106776i,0.00123470700766042-0.00728975638494757i
-0.178,0.0241005714285714,0.000521274782011228+0.000419047697918171i,0.00019208300556543+0.000504443186044035i,-0.000156162542016256+0.00054731670679032i,-0.0011192914616511+0.000273354051830154i,-0.0128664390232085-0.00591541260737715i,-0.00301785294926293-0.0028802708575851i,-0.00115605921229725-0.00294331708532008i,0.00341997653542984-0.00719802577507082i,-0.000881392784197077-0.00476374136592572i,-0.0168066488040077-0.0247022572985097i,0.0126281889042699-0.0321507802931153i,-0.00409203505883506-0.00350605976781832i
-0.178,0.0829577142857143,0.000549587803898169+0.000660977708954516i,0.000126836654863509+0.00056900893371523i,-0.000187190361335194+0.000657067902371328i,-0.0015341969528431+0.000887065114501743i,-0.0092803781433125+0.00169865834226622i,-0.0024902456224988-0.00244913057577451i,-0.000998190191289542-0.00207540088178734i,0.00512807296131253-0.00722628987651693i,-0.000480368063515827-0.00488448229168274i,-0.0404228728025001-0.0352506495709368i,0.00974290598035416-0.0276114335305576i,-0.0110859389066052-0.00773853756315855i
-0.178,0.141814857142857,0.000543766483683156+0.000584911930788469i,0.000181219140358064+0.000520455075186234i,-0.000101897760971133+0.0006242034367435i,-0.000758120079780771+0.00098048642639122i,-0.00469692982359028+0.00695349348365068i,-0.000419642289938646-0.000866309162317282i,-0.0012714663532093-0.000976672781446428i,0.00788405843279908-0.00779272145174378i,-0.000407098896422022-0.00255093131373798i,-0.0323275286136439-0.0424063116123674i,-0.000343057047414729-0.0188054671846705i,-0.00837417990586657-0.011648258068141i
-0.178,0.200672,0.000204758402743958+0.000391068827228986i,8.00644341347752e-05+0.000320355908868824i,-0.000168242298218054+0.000378879674176788i,0.000369651959257915+0i,-0.00553115102500251+0.0042674986999685i,8.44602250945688e-05-0.00130942977574008i,-0.00115099943727238-0.000629885616360918i,0.00592751705657799-0.00444812546581529i,-0.000130997521239389-0.00173483970948175i,-0.0216317511273111-0.0303806577270438i,-0.00529423614155632-0.0134251761916221i,-0.00274948592549329-0.00804677585277115i
-0.126,-0.211328,0.00130746632546418+0i,0.000537782851940238+0.0013102501661896i,0.001651040538748+0i,0.000792326779120651+0.00382649978979303i,0.00594255794048177+0.0123466992458417i,-0.00371308180483146-0.00887912518255809i,-0.0121581451967092-0.00564327328576724i,-0.022978724079975-0.00409518201592278i,-0.00497821702219733-0.00522760310812112i,-0.0181296797680354-0.0361489509520467i,-0.00114288458461435-0.0346206143038359i,-0.00148550757886329-0.0505261389845929i
-0.126,-0.152470857142857,0.00138709388587635+0.00167414936728657i,0.000823815104075423+0.00226958396367893i,-0.000225278986932027+0.00326317674800742i,0.000545992307231498+0.00665417053895017i,0.00266996827016195+0.0141595190374492i,-0.00347549296229112-0.0142993780189635i,-0.0168539164833188-0.0162236388468589i,-0.0288244425201143-0.014552677124056i,-0.00094828872927961-0.0111786161408874i,-0.00180399415226531-0.0435201528093872i,0.0333534260190228-0.0292190478296624i,0.0492526206097919-0.0575731186966972i
-0.126,-0.0936137142857143,0.00129887646162852+0.00228938854919583i,0.0007686416470147+0.00222863039572729i,-0.000390526326849598+0.00250308752553802i,0.00233586850911182+0.00467504902023327i,-0.0331042030502471-0.0337514984855698i,-0.00951803180522199+4.52842580194799e-06i,-0.0152420523737832-0.0157486015396339i,-0.0250165292941865-0.0146737401674433i,-0.000543991648986163-0.00969194637219308i,0.0091967071297707-0.0190384691760947i,0.0305518392800739-0.0212086053042827i,0.0397430636072062-0.0263653394447693i
-0.126,-0.0347565714285714,0.000914334372986929+0.00145086395616275i,0.00150427014920853+0i,-0.00035785434339791+0.00143198728534157i,-0.000882809767040533-0.00106679405168807i,-0.0445495691111646-0.055367246947167i,-0.00776053844592749-0.00168760185607052i,-0.00478801200986593-0.00839768591418581i,-0.00328945982743551-0.00923608360487092i,-0.00144180084259305-0.00872244316900335i,-0.00156153038232086-0.0208014951934802i,0.0348358389173307-0.0175580097053091i,0.00649052965004292+0.0116587993554252i
-0.126,0.0241005714285714,0.00127684456373713+0.00136266039035609i,0.000419240804046344+0.00128381437167574i,-0.00026210790854755+0.0012142126013189i,-0.00399009418228405-0.00011150793442593i,-0.0276540953187552-0.0261351367426299i,-0.00585736414737199-0.00572542843806065i,0.00237356716006216-0.00776235770823001i,0.0101839594922256-0.0142215491652877i,0.00347115517104998-0.0100716666202906i,-0.0143970866418158-0.0599788204421254i,0.0402976568770428-0.0319907102081693i,-0.0078742247084645+0.00496203252309013i
-0.126,0.0829577142857143,0.00197172991082741+0.00188455563190653i,0.000492617550160112+0.00171135762325193i,-0.000202982730534255+0.00180716729080634i,-0.00695908576787603+0.00166492944158938i,-0.00510366745297544+0.0105128034204041i,-0.00415282635820182-0.00664837994248901i,0.00188194976878182-0.00472015782986719i,0.0199806698020589-0.0150360755194454i,0.00433530888234824-0.0128452422585793i,-0.0394437929381389-0.115357399573488i,0.0349063148434778-0.0381590812554337i,-0.00606578485465063-0.0223991531196409i
-0.126,0.141814857142857,0.00166315697760312+0.00153031943952349i,0.000499313492533371+0.00145626582234743i,-0.000110613315910004+0.00173577864108993i,-0.00318275874135731+0.00289995654241819i,0.00797554338531828+0.0247008900176621i,-0.00233585989268591-0.00365227917906691i,-0.00249616167894386-0.0015594853750332i,0.0233881578447801-0.0120730550559661i,0.00263493354346732-0.00833480977516168i,-0.0335409797783537-0.110806176757109i,0.00639541842063492-0.0366568761023633i,0.00399947516592852-0.0208773189001983i
-0.126,0.200672,0.000769523443931481+0.00763309247895987i,-0.00301330978716035+0.00349453483965596i,-0.00321657761519293+0.00212861471898628i,0.0116446280414395+0.0117926612795974i,-0.203112878766681+0.0225761341696289i,-0.000199140116389745+0.013993834710691i,0.0124669041017749+0.0136338208317463i,-0.0321644375656686-0.00897661972707343i,-0.00346353729006551-0.00524398058055196i,-0.0234263552844424-0.0636510419190132i,0.00310115314401989-0.0231324713612961i,0.00186538086094297-0.00675126683985271i
-0.076,-0.211328,0.00333846652778514+0i,0.0036771401439522+0i,0.00435763608497528+0i,0.00118218303050645+0.0142811300266962i,0.0306625238191935+0.0616240711322698i,-0.00275929246983773-0.0240443902083199i,-0.020677100849264-0.0164494821565578i,-0.0454617609838372-0.0169075241520704i,-0.0044111123471162-0.010322214581077i,0.00741106840661153-0.1056951105064i,0.0309806787450504-0.0764689801653643i,0.0298522367105613-0.0624721443322847i
-0.076,-0.152470857142857,0.00758607461710531+0i,0.00273975898807532+0.00748446683032078i,0.00906082659132878+0i,0.000647346473140691+0.0212540698686483i,-0.00425765091993942+0.0315448236657495i,-0.0116422443343727-0.0537020395908698i,-0.0500091829579727-0.0635119190998205i,-0.103657218510539-0.0631759222828767i,0.00188682867946591-0.0261875323920204i,0.0930978924390417-0.171633104674061i,0.114028656527498-0.0258512837661369i,0.164361139242163-0.0915566427782138i
-0.076,-0.0936137142857143,0.0051440326477763+0.00795221179108349i,0.00783601018754479+0i,-0.000902660063276797+0.007616037166634i,0.0172239119591522+0.0126596103719873i,-0.178628675327394-0.263700564556917i,-0.0478001499522253+0.0100288907645622i,-0.0543767323151099-0.0683066688698012i,-0.100090949101242-0.068759716502116i,0.00205672614173985-0.021613274323907i,0.0277073515726399-0.0636443865816076i,0.0636314393413094-0.0037084352160893i,0.0675675977498575+0.0241631565714872i
-0.076,-0.0347565714285714,0.00467810333937643+0i,0.00400399158541918+0i,0.00313323789852676+0i,0.00195275812269884-0.00722781790542933i,-0.178582140764812-0.263893603128236i,-0.0261880078630093-0.00228253725118546i,-0.00644398428556433-0.0210379043825972i,-0.00942283993833947-0.0296374723832711i,0.00544289660187205-0.014210454464153i,-0.0605234320887123+0.0445274773034065i,0.0464981129054348+0.0140472703383515i,-0.0187054715728616+0.0770343845147882i
-0.076,0.0241005714285714,0.00240014186175527+0.00377943177127415i,0.00161438399950164+0.00404925022203341i,0.00310665334787457+0i,-0.0170588813909966-0.00579519312911113i,-0.103317668668418-0.12977501473426i,-0.0177637038985609-0.0215416287248233i,0.0234039844985014-0.0225635424710678i,0.0285792695277468-0.0334136967492196i,0.0163518239058196-0.0214633998766114i,-0.00410635711253886-0.110247181433065i,0.0971252822484762-0.00970897080547888i,-0.0328822530348116-0.0123799506116914i
-0.076,0.0829577142857143,0.0107212811120413+0.00536836021742213i,0.00245756750084496+0.00689361563682185i,0.00685513736071011+0i,-0.0353440031534227+0.00753826112423165i,0.0032706216935828+0.0713233910664924i,-0.0129856682867173-0.0301776254390214i,0.0168411268544761-0.0122428291759017i,0.0774171053126998-0.0398318695452883i,0.024965090372935-0.038067142381202i,0.0593904616432433-0.357566421166054i,0.060169558591757-0.077707554673011i,0.0221754473306341-0.0544459848565834i
-0.076,0.141814857142857,0.00923694818387832+0.00409800888268285i,0.00212935133979042+0.00646847039453639i,-0.00033094488724727+0.0074057090710495i,-0.00946170589782974+0.014574941925317i,0.0894929604399313+0.139777687194313i,-0.00275426891535515-0.0158994821614735i,-0.0187634648185378+0.00916425359041424i,0.0887954803134128-0.00984687765109691i,0.0133349078501384-0.022698899265549i,0.0244053614332529-0.285034589769282i,0.0730749421203108-0.0587143514784773i,0.0409951869090959-0.00958300224886885i
-0.076,0.200672,0.0021298333656988+0.00138144944544064i,0.000516879096360348+0.00196141514008488i,0.00231441450728117+0i,0.000825052663752897+0.00515632720698925i,0.0119240420372211+0.0321507694496019i,-0.00160172378992867-0.0016310180011517i,-0.00291887576972435-0.00159361967951545i,0.0210190856786951-0.00740062105479071i,0.0044804589035333-0.00795209592196219i,-0.00450548518305742-0.109284734471016i,0.0276292434610508-0.0272218000715576i,0.0229382499373435-0.00270396089608077i
-0.027,-0.211328,0.00558060954317285+0i,0.00205314076050882+0.00727860014265046i,-0.000447101826176418+0.00683025198331494i,-0.00758081644121724+0.0176112515702193i,0.0159158814818099+0.0521614554939605i,-0.0184220509892339+0.0358149424290489i,-0.0332616918624237-0.0218146321978291i,-0.0459383760501379-0.0183354055065016i,-0.00603854172191714-0.023405944047643i,0.0146560573699458-0.150173488486112i,0.0947891859681586-0.104463819658568i,0.0545758049378788-0.0535123459803793i
-0.027,-0.152470857142857,0.0107234830720372+0i,0.00259297140329553+0.0115756344071028i,0.000298455640269881+0.0104849467912021i,-0.00105775220376509+0.018090459200092i,-0.157344236929326-0.204589407992944i,-0.041935737746255-0.00369532090353889i,-0.0934565751382028-0.12312860125545i,-0.159691447526071-0.11218139231544i,0.00919954387537455-0.0586994181593286i,0.174500342752019-0.271535020029989i,0.238693436605284-0.0676797886635964i,0.0808801247153561+0.057103841905598i
-0.027,-0.0936137142857143,0.0122137274041356+0i,0.010382153559737+0i,0.00690746365213193+0i,0.00946262456626534-0.00807573604019107i,-0.546899347023519-0.886351059994614i,-0.0597615330723918-0.0374573218729579i,-0.110715632716621-0.137347045605972i,-0.180222903440256-0.119880212782906i,0.0154372422404324-0.0437710462090138i,-0.127040422890792+0.029914419464827i,-0.072105679777243-0.132517413669349i,-0.063508689923707+0.208292063994088i
-0.027,-0.0347565714285714,0.0111382506422989+0i,0.008472114681545+0i,0.00361463076867243+0i,-0.000538582072592382-0.0160053024545154i,-0.603448807664392-0.959008069388914i,-0.0630829033646602-0.0613222978095237i,-0.0102752444822666-0.0498306963296612i,0.00265584514897709-0.0477520094341245i,0.033628718689892-0.0229456324873722i,-0.280001602505506+0.270048181988216i,-0.104054078588804-0.0817194618352485i,-0.097303593881823+0.125407470381758i
-0.027,0.0241005714285714,0.00635402350127516+0.00935131096507493i,0.00921157198570242+0i,0.00449149868002483+0i,-0.0297203712572213-0.0264022143614061i,-0.496910825325035-0.726374461752301i,-0.0579294739774113-0.101795817695174i,0.0714608594267803-0.0293820083722418i,0.176287679357909-0.0556457607520476i,0.0626192491250881+0i,-0.0573282362243735-0.144569895183831i,-0.0749856655355615-0.127318733998366i,-0.0786543467012471-0.126169391164798i
-0.027,0.0829577142857143,0.00904920705229903+0.011587555605243i,0.0141991685321567+0i,0.0115872305927914+0i,-0.0268470300736149+0.00726464981945509i,-0.185651897834349-0.162225534388367i,-0.0407349684533445-0.0892959670648416i,0.0711955135922364-0.0106679490299403i,0.27187317864197-0.071820591124139i,0.0762014485189111-0.0808134388720335i,0.281403702138545-0.746554123311872i,0.107467763399202-0.0228142121196261i,0.0459817361516196-0.0394276053593169i
-0.027,0.141814857142857,0.0117644357921551+0.0111933575871368i,0.00487982902486482+0.0144566640376649i,0.0152605020763573+0i,0.011294817317226+0.0376783236428975i,0.0462678590634131+0.109569587056406i,-0.0182689207798836-0.0231664276736403i,0.0206912386467369-0.010961072012127i,0.126960133281677-0.0563329660528575i,0.0372470399493319-0.0547808976293791i,0.153705964870952-0.656475734167956i,0.0687411222207522-0.0185854735114071i,0.126896879392499+0.0895498364458522i
-0.027,0.200672,0.00295164427063678+0.00328198085017138i,0.00126730085696769+0.00465174978368666i,0.00520218784243964+0i,0.0116605980095287+0.0179219670737362i,0.0231433285422991+0.052340364193512i,-0.00373386571465045+0.00181696617311505i,0.00218304305142998-0.00800593653639983i,0.00625299259177119-0.0148140282617993i,0.00623144282136197-0.0138391337715697i,0.0068843909400109-0.165004881684828i,0.023461262914532-0.0204830306855037i,0.0440092890667782+0.0140931088278564i
0.023,-0.211328,0.00400933928325353+0.00436173548165264i,0.00213922563297613+0.0074078551376673i,0.000482822023354275+0.0064644844542912i,-0.0110147714117271+0.0100173870385974i,0.018959247427292+0.0572731657305337i,-0.0208863766966914+0.0466002752205565i,-0.034630359914842-0.0177903150300617i,-0.0510336260683587-0.0118155135566132i,-0.00573402031570364-0.0242881780680561i,-0.00319594384796976-0.120489513382994i,0.101322048838483-0.0977809843492253i,0.0547339968364144-0.0448840294152057i
0.023,-0.152470857142857,0.00604164145920053+0.00903086948314918i,0.0026919483437304+0.011795913567696i,0.000369863440864041+0.0103831818724538i,-0.00935027648192607+0.00700913314653054i,-0.154930179716824-0.197959052021641i,-0.0412732548027236-0.0047937398447207i,-0.0991196539968755-0.121976037438352i,-0.169998580797472-0.101622354920767i,0.01306251875939-0.0680680792778942i,0.138148767281423-0.24314530406684i,0.25812941657689-0.0628671809068021i,0.0908973707985734+0.0579521369140545i
0.023,-0.0936137142857143,0.0089914603823827+0.00980116270114366i,0.0106820520281133+0i,0.00727727593419722+0i,0.00600577619858734+0i,-0.551290515108874-0.878907596547493i,-0.0653967992618414-0.0436043403896959i,-0.121485978462763-0.140531028032872i,-0.178835965387939-0.116963591426535i,0.0189320070238969-0.0580322528410249i,-0.109541131226556-0.0271130091437121i,-0.0408159714594986-0.127089077239918i,-0.0424765918042739+0.200478578281578i
0.023,-0.0347565714285714,0.0120563864692649+0i,0.00890646542816991+0i,0.00311782446144315+0i,-0.00890395220558072-0.0260034259218552i,-0.704284908909975-1.10951851542703i,-0.071262784802526-0.0841725335704893i,-0.0151744419598059-0.0597526742477812i,0.016631304681157-0.0406243737963693i,0.0385838771305379-0.0280870291070041i,-0.360531617582668+0.328299330432208i,-0.169792379459707-0.120759231813546i,-0.118621001213932+0.13353717355351i
0.023,0.0241005714285714,0.00759563248289328+0.0125546454781488i,0.00947468114120707+0i,0.00415643848165115+0i,-0.03996188059091-0.0340449475085495i,-0.54958567618145-0.799496068230922i,-0.0577712725005214-0.125121876838054i,0.0710456286903405-0.0290389869474889i,0.194577740435638-0.0418778805220206i,0.0628816875564622-0.0360589891521308i,-0.0483528010787501-0.114201832782157i,0.088460444652139-0.0388059083782118i,-0.0908532853853446-0.107873375679594i
0.023,0.0829577142857143,0.0103892867019734+0.0172205442669663i,0.00604811514390655+0.0143575431671407i,0.0124736969815575+0i,-0.0276432261958292+0.00852432524396348i,-0.196906821510081-0.170996212840174i,-0.0452665532856737-0.100227295475229i,0.072700932821941-0.0106918621754581i,0.286039492008801-0.0719494152971609i,0.0824982125663483-0.0831076804196138i,0.271924998279037-0.701429796903741i,0.110529330867442-0.0118867720294162i,0.0442705043847827-0.0327069104409084i
0.023,0.141814857142857,0.0143817897284085+0i,0.00527942196981129+0.0157013819253618i,0.016756948123383+0i,0.0190533195878409+0.0404282052025877i,0.0443410459187682+0.112472859815206i,-0.0170684799228734-0.019428802611402i,0.0170485901838526-0.00473244667438607i,0.152278195026352-0.0514372008786537i,0.0424323932119032-0.0567013301513795i,0.157495888667451-0.675001182443348i,0.0862611401231238+0.00631767891913401i,0.12907210842001+0.0788354498519372i
0.023,0.200672,0.00400163366104984+0i,0.00131498833830937+0.00488601623687894i,0.00550935491515244+0i,0.0131392312554505+0.0174845093580506i,0.0227014653872164+0.0532558115348642i,-0.00281384907389575+0.00288736289261205i,0.000648401342163117-0.00535131301536065i,0.0174032468891719-0.0159927637567475i,0.00845214131230252-0.0144541176784397i,0.0103692985564483-0.176613300227553i,0.0536101045536825-0.0290172048074897i,0.0472370626291117+0.0115384766442627i
0.074,-0.211328,0.00267898856783224+0.0025210326378893i,0.00106904123329693+0.00376465230150876i,0.00399898953713418+0i,0.00127054718263453+0.00791020201783311i,0.0393350721919779+0.07379447963047i,-0.00128786731663109-0.0244655418647348i,-0.0186237874886034-0.0148989275496889i,-0.0446686633212333-0.0180807838129307i,-0.00350685666077559-0.0107222017325061i,0.00570728701242957-0.102116937569366i,0.0312808752271012-0.0769158058110126i,0.026876339627106-0.0498496866154902i
0.074,-0.152470857142857,0.00584516414145725+0.00596185990525279i,0.00204436948687548+0.00712176052307953i,0.00857674347123219+0i,0.00575760709433497+0.0199020241783529i,0.0143910851970135+0.059409320952844i,-0.00536915103989467-0.0609141768573044i,-0.0472307389173699-0.0566334106471396i,-0.084295952355671-0.0539322602619107i,0.00528751806365742-0.0343363505982621i,0.0596135459217552-0.138304243343003i,0.12628015163169-0.00522819039331237i,0.166067981518693-0.0811801703961376i
0.074,-0.0936137142857143,0.00604554284964541+0.00648197317578854i,0.00734572143912486+0i,0.00752327934851595+0i,0.0127870517865352+0.0160721090774527i,-0.154007777117302-0.228577904046899i,-0.0418244739574697+0.00632499329051125i,-0.0552948726149242-0.0614508686370794i,-0.0857913637980041-0.052593195419669i,0.00879989157970419-0.0290415288696636i,0.0302528096713438-0.054863868286856i,0.062845459237003-0.00229048880712276i,0.100774170956619-0.00477506175424568i
0.074,-0.0347565714285714,0.00396618613956537+0.00447590390828308i,0.00444206614236314+0i,0.00316084724522164+0i,-0.0120371351335914+0.00070244764039155i,-0.201296495536508-0.305796626557099i,-0.0306156544317766-0.00145912990399727i,-0.00760151406653129-0.0275731131593345i,-0.00524196063611747-0.0302364439088491i,0.0103249645803351-0.0205228903266043i,-0.104277245565024+0.0449057613246695i,0.0103028225777798+0.0228025806730005i,-0.0295088860884863+0.0957938502110384i
0.074,0.0241005714285714,0.00263761172963112+0.00518893514714668i,0.00402598350145711+0i,0.00276709914522155+0i,-0.0188403462865028-0.00534609239486169i,-0.0975286482585803-0.130722644183647i,-0.0187766042907462-0.0288019523218689i,0.01914094761638-0.0202318993180806i,0.0376890755984959-0.0287123650043345i,0.0203805767791697-0.0218177568677249i,0.00294499477648935-0.0846935419306239i,0.0737042118331496-0.00472585545146922i,-0.0255164331935236+0.0103603098584929i
0.074,0.0829577142857143,0.00352358533935289+0.0103685710597638i,0.0025471267845642+0.00696385327683805i,0.0067075986185457+0i,-0.0287044683560955+0.00633601425747922i,0.00472411469532637+0.0610362086895818i,-0.0144326786099294-0.0346640476366681i,0.0156356383941862-0.0143842058111785i,0.064140332863187-0.0385112065669075i,0.024768091920099-0.0361136384500301i,0.0256857968971565-0.265984257034283i,0.0604112688132601-0.0250226387346011i,0.0248882521786191-0.0320630696349917i
0.074,0.141814857142857,0.00289016691905185+0.00893255203923992i,0.00198845014949784+0.00641251301632146i,0.00709852151278059+0i,-0.00720370518872186+0.0105953152480553i,0.0762697108923694+0.123374703290847i,-0.00202419569709065-0.0128618197431097i,-0.0173569401007508+0.00449982844607244i,0.0771417200915741-0.0156560552435072i,0.0124758095589394-0.0220601268247923i,-0.00123717568023091-0.238160173293086i,0.0408642680857884-0.0147205279526329i,0.0387128235043474-0.00569136621595836i
0.074,0.200672,0.00190496072641937+0i,0.000512050701027412+0.00198557410474449i,0.00233288066109095+0i,0.00131368068098368+0.00504785406842304i,0.00953793027403187+0.0278574614036528i,-0.00106234501259336-0.00207766064052361i,-0.00396035613899784-0.00245345609207653i,0.0236588523347992-0.0074241531386418i,0.0102321856245731+0i,-0.0131864351071612-0.0988165888062557i,0.0262188658193521-0.0252093767022656i,0.0222460271947892-0.0047927746267034i
0.126,-0.211328,0.000719872751926043+0.000607907261078156i,0.000277625900251409+0.000904109131887113i,-2.27769847611675e-06+0.00114744507380938i,0.000115447914458301+0.00216118817755461i,0.0103598716961855+0.0117295557164265i,-0.00147629155494518-0.00741424017659585i,-0.00771674713467785-0.00422384212565927i,-0.0147961241755924-0.00502005861267145i,-0.00253235971712851-0.00549949966946403i,-0.01317819608978-0.0212159345237475i,0.00205762650408205-0.0225504011317963i,0.000769679737964008-0.026341506909083i
0.126,-0.152470857142857,0.00133024382640076+0.00132269986389271i,0.000638386631925189+0.00167113199972289i,0.00244554548675597+0i,0.00154572386598863+0.00542278617831419i,0.00521766833960226+0.0140520990616552i,-0.00217393579278668-0.0106700972598995i,-0.0120796764324939-0.0115762479405629i,-0.0161940077966142-0.0105664677009339i,0.000911831338925869-0.0109941189202945i,-0.00575833862481599-0.0247655281594685i,0.0237351550103318-0.0150750229783244i,0.0361201839520188-0.0363661476009039i
0.126,-0.0936137142857143,0.00127138454495961+0.00148750368947503i,0.000480769253672805+0.00171017045795176i,-0.000255597204111123+0.00194241665111298i,0.00201396573128203+0.00379357679945757i,-0.0229717939388322-0.0310824295075802i,-0.00649294264698966-0.000846986653307909i,-0.0125380352778168-0.0119060689145605i,-0.0167634867508745-0.0114362257020043i,0.00161255450655585-0.010239052348356i,0.00375503426790301-0.0177020816126704i,0.0219601856057365-0.0127889025764071i,0.0330271059531962-0.0217721164845116i
0.126,-0.0347565714285714,0.00129520220433942+0i,0.000242181986574151+0.0011328209025286i,-0.000281842871576262+0.00105444638544092i,-0.00193196823015071+0.00107891394738435i,-0.0313265439944841-0.0433654472331487i,-0.00551405492875202-0.00184180515214081i,-0.00257603666809945-0.00811122199849197i,0.00253600235755706-0.0108196177582895i,0.00190976386058104-0.0091273753831706i,-0.00923184688001988-0.0305174453029293i,0.0244462998920475-0.00699346377510559i,0.00701519973602744+0.0146596866711275i
0.126,0.0241005714285714,0.000571150593893974+0.00103121524869109i,0.000261512760960392+0.00104432303969413i,-0.000188863880965435+0.000877128612378562i,-0.00371992932993658-0.00021733119324696i,-0.0191183493526192-0.0220954909716464i,-0.0048728058048022-0.00734529265004895i,0.00228801508331667-0.00580455799381104i,0.0127732508676978-0.0127453769481261i,0.00527509488205575-0.00916833569148288i,-0.0128857501443179-0.0471730711727811i,0.0236741834935269-0.0197388389487363i,0.00120988718206568+0.00739534348131392i
0.126,0.0829577142857143,0.000564985674570802+0.00165835215768116i,0.000357057231870017+0.00133138707989985i,-0.000137972085046095+0.00130576621775927i,-0.00409883550716805+0.00153280145764157i,-0.00271114527443071+0.00338838880194314i,-0.00395731902754243-0.00762850012354269i,0.00125005730701184-0.0041608412771477i,0.0160743449990789-0.0130107287093529i,0.00493210112131889-0.0112557416383037i,-0.0320687152258875-0.0662886055124426i,0.0168922011722789-0.0226504094689971i,0.00223690067490477-0.0108856012528963i
0.126,0.141814857142857,0.000575200988666115+0.00137870440216359i,0.000359257323859974+0.00115890917209834i,-6.78182587149146e-05+0.00133003079161722i,-0.00148132860075477+0.00185835576698459i,0.00744870562533106+0.0140715554276888i,-0.0016224161780101-0.00499984240595357i,-0.00216460975170192-0.00259800173155221i,0.0170457685166083-0.0114897067730648i,0.00248347313893068-0.00772824076694937i,-0.0330818589149604-0.0672759058101348i,0.00904201587133143-0.0159762962668005i,0.005350234843531-0.011975961007043i
0.126,0.200672,0.000397759757162446+0i,8.43035204819728e-05+0.000708605542241964i,0.000689924730997916+0i,-0.00029542147676588+0.00111804207230091i,0.000367983059183996+0.00557657001662996i,-0.000610967877382201-0.00208347945353101i,-0.00203642955459179-0.00173500608168341i,0.00933662608443482-0.0071810259203414i,0.00457381644997309+0i,-0.0235716382022965-0.0345233135361548i,0.00255518954415677-0.0160017199485195i,0.00292432507050609-0.00591701895601893i
0.176,-0.211328,0.000277497054187216+0.000203381859672275i,6.76497088282684e-05+0.000323487330294746i,-4.31388993882659e-05+0.000419424305723913i,-5.47393212150618e-06+0.000578059932794361i,0.00221896806096238+0.00101900224835053i,-0.00137419527885742-0.00204329638288384i,-0.00380541047478042-0.00105137011382244i,-0.00712681739874821-0.00140913417142364i,-0.0019540298816413-0.00233408924449344i,-0.0114750138285498-0.00163365983146162i,-0.00473846991564753-0.00604155489990292i,-0.00701228939463365-0.0113406802885778i
0.176,-0.152470857142857,0.000308891665077152+0.000285738798439673i,8.95431726659169e-05+0.000438154122312583i,-6.10908990869647e-05+0.000572998787657915i,7.58633645718716e-05+0.000898920723127245i,-0.000731848989986951-0.00339197789147816i,-0.00154778645959335-0.00271247038533965i,-0.00524717656986695-0.00375281258462505i,-0.00754835956850401-0.00350889071352143i,-0.000291121467375842-0.00423751638769414i,-0.0121477119664175-0.00363246742585392i,0.00304151354759291-0.0106049588290273i,0.00394303520395721-0.0168124506099446i
0.176,-0.0936137142857143,0.00025857393577314+0.000515627147625769i,4.62801837405702e-05+0.000532538925556344i,-0.000104931667751138+0.000590743266949891i,0.000251715351355251+0.000896174068965684i,-0.00897317329326175-0.0113637232521072i,-0.00281250327446014-0.000988573875757095i,-0.00457308691911877-0.00362367842673628i,-0.0074587504922033-0.0045957206292346i,-0.000644123688429398-0.00440965334490645i,-0.000973880195610945-0.00600626905961399i,0.00572687867011211-0.0111273466022371i,0.00569741526005922-0.0144236634347877i
0.176,-0.0347565714285714,0.00022731632869179+0.000339419688507846i,3.1378597519642e-05+0.000400243861257122i,-0.000137535559760358+0.000411022264770688i,-0.000692048488543571+0.00030996958237221i,-0.00733116200260881-0.0104549800203336i,-0.00184251429859498-0.00261276612923997i,-0.00166006112018506-0.00359224456802126i,0.00250339937844269-0.00812611604438288i,0.000409157208004565-0.00355716522717942i,-0.00777399993411704-0.0199106718535932i,0.0119724295516014-0.0120234965680335i,0.00589616514054368+0.00028871971133091i
0.176,0.0241005714285714,0.000181435488690958+0.000325778819435306i,7.46955709406202e-05+0.000390884559154356i,-0.000109111364377999+0.000402682456794959i,-0.00115900406911092+4.08401074953762e-05i,-0.0060878587689151-0.00590927470671546i,-0.00203297995259632-0.00390099573167655i,-4.53528027470377e-05-0.00238987974952162i,0.00545199512103444-0.00821258239701456i,0.00067297770808249-0.00491301880043115i,-0.0191684873160418-0.0235143037767502i,0.00469164038824446-0.0200483045565779i,0.00209811902327596-0.000540953183410448i
0.176,0.0829577142857143,0.000134709041086361+0.000404343921387333i,7.6506963919907e-05+0.000472640989572903i,-8.2956410673182e-05+0.000466309477174302i,-0.00109758996303982+0.000418585177307373i,-0.00345186729121405-0.000804210046817441i,-0.00177209632048668-0.00350457146544486i,-0.000674992757799388-0.00192813799948404i,0.0044742234874681-0.00707460059566441i,0.000504380097657018-0.00521769417214223i,-0.030037177817389-0.0191133229617776i,-0.00815600210238926-0.0141920168672455i,-0.00360613411424976-0.00421651008295215i
0.176,0.141814857142857,0.000178963363293929+0.000325574598289347i,9.80495702529835e-05+0.000389907482080059i,-5.81143958473399e-05+0.000453471887347416i,-0.000247899879374138+0.000742084835956026i,-0.000329963088835326+0.00373922949812407i,-0.00102733938221874-0.00296240301865178i,-0.00158686224176707-0.00158855537762437i,0.00523168845763379-0.00776088287786281i,-0.000202642125737924-0.00307112815083559i,-0.0264295541601123-0.0202971561085135i,-0.00238373319346415-0.00889190667692308i,-0.00301066581318212-0.00558236050663861i
0.176,0.200672,1.31429976525753e-05+0.000259998189732443i,3.24343619507908e-05+0.000318613066441955i,-8.42390227007286e-05+0.000322718524858495i,-6.04923622837392e-05+0.000509463938220949i,-0.00273324656469779+0.00163303265032445i,-0.000514002721829022-0.00146421702392591i,-0.00137188692964433-0.00122092882809511i,0.00301245293043608-0.00544956830648234i,0.00183568481864914+0i,-0.0171484297700204-0.00869859319433126i,-0.00232874046602413-0.005083412631891i,-0.00281298681477528-0.00357050817541074i
